employee_id,name,gender,user_type,sign_in_date,sign_in_time,sign_out_time,ip_address,connection_status,job_position,phone,email
65893,Joseph Ortiz,Male,Employee,2024-08-11,05:53:01,13:47:33,218.5.6.195,Failed,Manager,+216 36400041,joseph.ortiz@example.com
6348,Rachel Wright,Female,Admin,2024-02-22,09:50:37,09:07:40,155.29.39.61,Failed,Analyst,+216 49345877,rachel.wright@example.com
62563,James Allen,Male,Employee,2024-01-14,18:56:16,17:28:35,123.115.184.154,Failed,Developer,+216 58618374,james.allen@example.com
92952,Stephen Warren,Male,Employee,2024-07-19,06:20:32,12:29:47,213.4.221.228,Success,HR,+216 28480236,stephen.warren@example.com
76207,Melanie Mcgee,Female,Employee,2024-07-23,22:36:12,13:21:35,20.14.130.252,Success,HR,+216 26863688,melanie.mcgee@example.com
10714,Adam Burgess,Male,Admin,2024-04-11,22:10:59,11:19:37,177.183.149.164,Success,Analyst,+216 64129330,adam.burgess@example.com
59062,Michelle Prince,Female,Employee,2024-03-09,00:36:31,05:21:34,76.198.94.58,Failed,Developer,+216 25554842,michelle.prince@example.com
18261,Karen Phillips,Female,Employee,2024-04-27,15:09:34,16:01:04,121.86.219.83,Success,HR,+216 68493363,karen.phillips@example.com
69695,Paula Hunter,Female,Employee,2024-07-07,20:53:57,03:27:21,144.104.25.47,Success,Developer,+216 80347103,paula.hunter@example.com
28387,Todd Lopez,Male,Employee,2024-06-08,12:19:09,18:01:33,210.207.90.17,Success,Analyst,+216 09243675,todd.lopez@example.com
22569,Adrian Schmidt,Male,Employee,2024-07-23,03:00:17,13:15:18,142.130.30.126,Failed,Analyst,+216 27299869,adrian.schmidt@example.com
4109,Matthew Wong,Male,Employee,2024-04-14,12:42:14,04:19:34,193.169.66.114,Success,HR,+216 93052547,matthew.wong@example.com
98913,Christopher Rodriguez,Male,Admin,2024-06-05,23:35:30,06:19:10,191.110.208.194,Failed,Analyst,+216 29621912,christopher.rodriguez@example.com
55806,Deborah Glover,Female,Admin,2024-05-12,11:08:29,22:53:53,40.252.249.107,Failed,Analyst,+216 90216670,deborah.glover@example.com
29506,Amber Gutierrez,Female,Employee,2024-02-08,20:20:33,18:03:42,2.130.42.34,Failed,HR,+216 46680782,amber.gutierrez@example.com
11702,Kenneth Roberts,Male,Employee,2024-02-03,07:17:09,20:24:29,200.6.148.59,Failed,Manager,+216 10422821,kenneth.roberts@example.com
75806,Paul Miller,Male,Employee,2024-02-02,01:53:53,10:05:07,7.104.47.151,Success,Manager,+216 88115766,paul.miller@example.com
52377,Sandra Dixon,Female,Employee,2024-06-18,04:05:16,01:28:33,207.208.209.49,Success,HR,+216 91184945,sandra.dixon@example.com
81571,Julie Reed,Female,Employee,2024-01-10,16:50:15,15:35:23,112.99.125.169,Failed,Manager,+216 39171569,julie.reed@example.com
47015,Andrew Diaz,Male,Employee,2024-02-18,01:31:22,10:03:29,174.77.97.121,Success,Analyst,+216 37520782,andrew.diaz@example.com
3577,Michelle Lutz,Female,Employee,2024-05-02,05:38:16,06:02:03,47.102.73.137,Success,Analyst,+216 69286635,michelle.lutz@example.com
48767,Terri Allen,Female,Employee,2024-06-10,14:47:38,13:17:16,102.185.224.207,Success,Manager,+216 48289177,terri.allen@example.com
11638,Joshua Conway,Male,Employee,2024-06-06,19:39:35,08:36:47,168.234.170.187,Failed,Manager,+216 65003392,joshua.conway@example.com
55021,Robin Allison,Female,Employee,2024-06-29,20:43:13,06:03:53,37.189.34.80,Success,HR,+216 49874867,robin.allison@example.com
11959,Jonathan Smith,Male,Employee,2024-02-11,02:41:41,06:51:27,205.149.43.39,Failed,Analyst,+216 01419629,jonathan.smith@example.com
29624,Breanna Liu,Female,Employee,2024-06-18,10:51:55,21:04:26,62.180.25.154,Failed,Developer,+216 31262390,breanna.liu@example.com
10690,Stephanie Lyons,Female,Employee,2024-05-31,23:34:39,13:20:35,11.133.18.127,Success,Manager,+216 90622780,stephanie.lyons@example.com
58011,David Banks,Male,Employee,2024-05-28,10:21:26,13:30:23,88.9.74.227,Failed,Manager,+216 58943486,david.banks@example.com
67752,Samuel Baldwin,Male,Employee,2024-01-29,17:23:18,16:09:28,56.246.20.224,Success,Analyst,+216 21475680,samuel.baldwin@example.com
93040,Michelle Carroll,Female,Employee,2024-02-15,07:47:55,12:07:36,61.220.50.163,Success,Manager,+216 63736118,michelle.carroll@example.com
31550,Anna Gray,Female,Employee,2024-07-27,06:03:43,22:35:16,7.115.253.214,Success,Manager,+216 71318293,anna.gray@example.com
88166,Robert Bowman,Male,Employee,2024-03-16,09:21:20,10:19:47,24.213.134.64,Failed,Developer,+216 73830237,robert.bowman@example.com
94456,Timothy Merritt,Male,Employee,2024-06-17,03:02:55,14:57:38,20.155.117.146,Failed,Developer,+216 99132630,timothy.merritt@example.com
19082,Ashley Morris,Female,Employee,2024-04-21,23:05:54,01:03:27,137.236.138.156,Failed,Developer,+216 66602714,ashley.morris@example.com
20361,Kevin Walter,Male,Employee,2024-04-22,14:28:49,17:24:48,87.119.139.26,Success,HR,+216 78620479,kevin.walter@example.com
68213,Andrew Valencia,Male,Employee,2024-05-17,12:32:27,22:23:33,143.144.114.138,Failed,Manager,+216 62319827,andrew.valencia@example.com
18908,Sean Mata,Male,Employee,2024-05-25,10:29:18,03:17:47,92.229.135.227,Success,HR,+216 97949601,sean.mata@example.com
51181,Susan Terrell,Female,Employee,2024-05-29,22:41:23,03:56:57,10.17.20.154,Success,HR,+216 83750469,susan.terrell@example.com
50887,Tammy Evans,Female,Employee,2024-06-18,14:52:40,13:07:02,14.200.42.31,Success,Analyst,+216 52706704,tammy.evans@example.com
25513,Caitlin Smith,Female,Employee,2024-07-15,11:17:38,21:59:53,141.75.192.208,Failed,Manager,+216 48629742,caitlin.smith@example.com
14321,Matthew Graham,Male,Employee,2024-01-21,01:55:03,06:37:45,168.209.253.12,Failed,Analyst,+216 13577256,matthew.graham@example.com
59353,Bonnie Smith,Female,Employee,2024-01-22,16:18:00,00:30:19,3.89.121.107,Failed,HR,+216 04924481,bonnie.smith@example.com
98708,Gail Bradford,Female,Employee,2024-03-09,06:20:00,07:34:17,185.255.192.50,Failed,Analyst,+216 27601015,gail.bradford@example.com
12127,Brian Jensen,Male,Employee,2024-06-24,01:22:33,07:15:43,39.218.86.128,Success,Developer,+216 27427908,brian.jensen@example.com
27349,Dawn Reyes,Female,Employee,2024-04-16,11:03:39,02:14:52,15.145.1.130,Success,Analyst,+216 60969345,dawn.reyes@example.com
97591,Michelle King,Female,Employee,2024-06-08,04:38:35,18:34:44,21.212.185.223,Failed,HR,+216 05794301,michelle.king@example.com
43485,Juan Johnson,Male,Employee,2024-05-04,05:59:16,21:07:21,49.218.41.114,Success,Manager,+216 93172188,juan.johnson@example.com
94036,Natasha Stevenson,Female,Employee,2024-05-06,01:09:57,00:19:58,46.220.121.200,Success,Developer,+216 84101566,natasha.stevenson@example.com
82300,Jessica Roberts,Female,Employee,2024-08-06,12:43:45,20:05:27,138.224.22.117,Success,Analyst,+216 94785469,jessica.roberts@example.com
40679,Austin Perez,Male,Employee,2024-07-26,18:07:33,18:46:11,114.221.33.142,Failed,HR,+216 22711290,austin.perez@example.com
89007,Jessica Reynolds,Female,Employee,2024-06-22,07:12:06,03:16:58,34.17.79.79,Failed,HR,+216 27211744,jessica.reynolds@example.com
8888,Anthony Curtis,Male,Employee,2024-02-05,09:32:57,13:42:19,35.182.70.140,Success,Developer,+216 61600150,anthony.curtis@example.com
77851,Sean Harrison,Male,Employee,2024-08-13,19:55:41,15:17:31,19.175.38.234,Success,HR,+216 11191317,sean.harrison@example.com
95306,Stephen Fernandez,Male,Employee,2024-06-07,08:11:17,20:38:20,220.142.119.32,Failed,HR,+216 80831658,stephen.fernandez@example.com
19986,Larry Horn,Male,Employee,2024-02-29,19:16:53,02:22:17,175.223.9.40,Failed,Manager,+216 00243221,larry.horn@example.com
18199,Shane Jackson,Male,Employee,2024-08-13,09:22:03,13:58:21,161.166.123.47,Failed,HR,+216 24531935,shane.jackson@example.com
73049,Howard Little,Male,Employee,2024-07-31,16:52:17,17:59:50,184.136.137.239,Failed,Developer,+216 24041560,howard.little@example.com
92885,Cassidy Wood,Female,Employee,2024-02-23,02:51:03,22:16:27,162.137.248.139,Failed,HR,+216 91640400,cassidy.wood@example.com
71910,Robert Melendez,Male,Employee,2024-06-04,19:55:41,23:26:28,62.182.150.153,Success,Manager,+216 99555106,robert.melendez@example.com
83446,Renee Goodman,Female,Employee,2024-07-26,06:01:02,06:31:00,121.68.39.119,Failed,HR,+216 66226673,renee.goodman@example.com
98154,Cathy Ferrell,Female,Employee,2024-04-27,02:16:26,06:11:03,48.40.33.144,Failed,Developer,+216 58677149,cathy.ferrell@example.com
65528,Teresa Palmer,Female,Employee,2024-05-06,12:39:42,07:25:53,201.102.18.185,Success,HR,+216 68140076,teresa.palmer@example.com
96082,Michele Wells,Female,Employee,2024-06-07,18:27:53,08:50:59,159.208.153.107,Failed,Analyst,+216 46131297,michele.wells@example.com
20254,John Sosa,Male,Employee,2024-02-14,00:43:34,21:53:35,212.120.22.141,Failed,HR,+216 58468914,john.sosa@example.com
3536,Katherine Miller,Female,Employee,2024-05-29,21:05:03,19:57:02,38.113.132.238,Failed,Analyst,+216 41452750,katherine.miller@example.com
76037,Holly Townsend,Female,Employee,2024-04-16,20:30:56,03:49:06,182.37.121.159,Failed,Analyst,+216 47676263,holly.townsend@example.com
47563,Eddie Cochran,Male,Employee,2024-03-03,10:15:11,00:56:09,181.146.254.45,Success,Analyst,+216 37218997,eddie.cochran@example.com
46695,Mary Duarte,Female,Employee,2024-07-23,16:17:02,12:48:47,202.40.161.197,Failed,HR,+216 03422827,mary.duarte@example.com
13863,Amber Garner,Female,Employee,2024-03-09,15:53:53,16:16:38,134.96.255.22,Success,Manager,+216 12169141,amber.garner@example.com
52816,Stephanie Schmidt,Female,Employee,2024-03-20,03:17:34,12:37:01,12.214.40.88,Failed,Developer,+216 21385715,stephanie.schmidt@example.com
65470,Darrell Hall,Male,Employee,2024-04-19,09:08:02,03:11:19,149.251.110.90,Success,Analyst,+216 15233985,darrell.hall@example.com
66100,William Humphrey,Male,Employee,2024-06-30,18:51:49,17:16:30,88.12.231.186,Success,HR,+216 38814721,william.humphrey@example.com
29719,Zachary Braun,Male,Employee,2024-06-15,01:11:28,03:41:15,132.3.115.246,Success,Developer,+216 18021054,zachary.braun@example.com
47165,Tyler Downs,Male,Employee,2024-03-13,01:04:56,08:35:34,72.70.179.231,Success,Developer,+216 39070623,tyler.downs@example.com
36774,Sonya Waters,Female,Employee,2024-07-10,10:44:22,18:13:10,206.62.23.49,Success,HR,+216 48478565,sonya.waters@example.com
93562,Julie Evans,Female,Employee,2024-04-08,03:20:12,04:07:11,169.223.9.135,Failed,HR,+216 93148829,julie.evans@example.com
24076,Audrey Mcmillan,Female,Employee,2024-05-09,11:29:56,02:09:26,77.0.169.30,Success,Manager,+216 93551167,audrey.mcmillan@example.com
79042,Donna Taylor,Female,Employee,2024-07-01,16:48:29,03:49:34,76.18.52.242,Success,Developer,+216 52758116,donna.taylor@example.com
56031,Kevin Murphy,Male,Employee,2024-08-15,22:17:51,22:12:05,74.56.106.43,Failed,HR,+216 05521847,kevin.murphy@example.com
44269,Melanie Gibson,Female,Employee,2024-03-15,20:36:04,00:26:21,159.79.4.24,Failed,Analyst,+216 60712454,melanie.gibson@example.com
20345,Jason Johnson,Male,Employee,2024-01-26,22:24:21,21:56:14,196.172.144.241,Failed,Analyst,+216 78265285,jason.johnson@example.com
62700,Wanda Robbins,Female,Employee,2024-04-18,09:02:32,15:49:01,215.33.110.95,Success,Manager,+216 94780476,wanda.robbins@example.com
68385,Sally Blair,Female,Employee,2024-08-05,01:36:39,12:37:58,162.174.224.21,Failed,Developer,+216 24315624,sally.blair@example.com
10178,Samantha House,Female,Employee,2024-01-12,17:51:58,12:19:16,162.141.181.2,Failed,Developer,+216 13578912,samantha.house@example.com
57396,Ricardo Lewis,Male,Employee,2024-01-01,08:08:30,05:40:46,87.218.86.211,Success,HR,+216 32738499,ricardo.lewis@example.com
81296,George Collins,Male,Employee,2024-05-16,12:42:45,16:11:59,104.157.24.135,Failed,Manager,+216 51545149,george.collins@example.com
52491,Adam Hall,Male,Employee,2024-01-25,20:07:48,20:35:35,43.55.100.192,Failed,Analyst,+216 97810012,adam.hall@example.com
5359,James Velasquez,Male,Employee,2024-04-14,21:23:53,22:37:25,8.195.90.66,Success,Manager,+216 38593067,james.velasquez@example.com
24122,Keith Lewis,Male,Employee,2024-02-20,08:04:59,14:07:15,191.237.20.182,Success,Developer,+216 22964061,keith.lewis@example.com
99840,Jasmine Castro,Female,Employee,2024-03-13,23:11:04,01:23:39,5.57.237.104,Success,Manager,+216 33867391,jasmine.castro@example.com
17197,Manuel Walsh,Male,Employee,2024-02-14,00:52:53,13:17:47,209.235.71.234,Success,Developer,+216 20837946,manuel.walsh@example.com
87312,Brian Franco,Male,Employee,2024-02-08,22:12:20,15:46:45,135.201.151.64,Success,Manager,+216 54353333,brian.franco@example.com
45395,Steven Johnson,Male,Employee,2024-06-17,11:40:02,19:14:14,105.243.87.64,Failed,Manager,+216 84118685,steven.johnson@example.com
38626,Carrie Lam,Female,Employee,2024-06-23,12:43:30,22:48:48,165.158.174.105,Success,Manager,+216 35645127,carrie.lam@example.com
52566,Patricia Flores,Female,Employee,2024-05-13,05:05:25,18:51:02,38.221.8.68,Success,HR,+216 17921163,patricia.flores@example.com
38706,William Blankenship,Male,Employee,2024-05-16,20:43:21,16:05:37,47.193.221.165,Failed,Developer,+216 32118924,william.blankenship@example.com
24497,Valerie White,Female,Employee,2024-01-21,09:51:10,20:42:49,159.149.59.64,Success,Developer,+216 93181789,valerie.white@example.com
5417,Mark Powell,Male,Employee,2024-07-04,18:51:46,20:49:33,26.252.12.56,Success,Developer,+216 72017454,mark.powell@example.com
95777,Heidi Howard,Female,Employee,2024-07-27,03:06:10,04:35:52,18.247.154.100,Failed,Analyst,+216 46908150,heidi.howard@example.com
38250,Tracey Molina,Female,Employee,2024-02-08,19:07:59,21:24:21,111.63.25.116,Success,Analyst,+216 54017463,tracey.molina@example.com
89098,Thomas Davis,Male,Employee,2024-01-25,17:36:47,13:14:52,115.104.52.160,Failed,Developer,+216 95857980,thomas.davis@example.com
78704,Kristin Lawrence,Female,Employee,2024-04-14,22:07:04,07:18:44,57.184.40.42,Failed,Analyst,+216 85832948,kristin.lawrence@example.com
74299,Danielle Long,Female,Employee,2024-07-10,06:20:36,01:03:49,186.232.141.101,Success,Manager,+216 47719451,danielle.long@example.com
93709,Gary Chapman,Male,Employee,2024-05-17,09:37:17,11:23:42,48.231.24.1,Failed,Developer,+216 71807348,gary.chapman@example.com
62489,Eric Smith,Male,Employee,2024-07-30,17:42:01,04:39:25,195.221.171.107,Success,Developer,+216 74549328,eric.smith@example.com
22606,Juan Rowe,Male,Employee,2024-07-08,12:20:30,04:13:12,218.60.57.181,Failed,HR,+216 24708845,juan.rowe@example.com
58830,Ronald Thompson,Male,Employee,2024-04-14,22:17:41,01:54:21,130.89.67.248,Failed,Analyst,+216 35310676,ronald.thompson@example.com
32773,Daniel Thompson,Male,Employee,2024-03-17,04:58:59,04:26:06,165.86.19.51,Success,Manager,+216 20046894,daniel.thompson@example.com
6197,Nancy Young,Female,Employee,2024-02-09,09:08:00,14:48:09,159.155.225.96,Success,Analyst,+216 18308523,nancy.young@example.com
47276,Troy Phillips,Male,Employee,2024-02-01,12:53:45,00:39:35,162.154.32.188,Success,HR,+216 12959200,troy.phillips@example.com
71795,Chelsea Price,Female,Employee,2024-05-11,10:27:53,05:44:50,58.52.45.239,Success,Analyst,+216 90555195,chelsea.price@example.com
19701,Daniel Warren,Male,Employee,2024-03-13,03:59:23,09:46:09,121.122.184.226,Failed,Developer,+216 89192547,daniel.warren@example.com
34005,Savannah White,Female,Employee,2024-01-08,08:19:35,21:36:33,47.161.111.10,Failed,Manager,+216 26332979,savannah.white@example.com
53630,Tracy Bradley,Female,Employee,2024-02-10,20:20:35,23:19:04,153.207.56.121,Success,Analyst,+216 60936977,tracy.bradley@example.com
41997,Barbara Dean,Female,Employee,2024-02-17,22:21:21,15:37:29,129.212.10.126,Failed,Developer,+216 07575834,barbara.dean@example.com
2035,Scott Hanson,Male,Employee,2024-01-08,13:15:12,15:01:50,62.14.63.69,Failed,HR,+216 49832697,scott.hanson@example.com
78546,James Carey,Male,Employee,2024-07-15,03:09:18,06:39:35,90.62.41.158,Success,Analyst,+216 69373277,james.carey@example.com
13598,Ellen Martin,Female,Employee,2024-07-09,16:22:16,08:36:15,43.226.229.222,Failed,Manager,+216 99201249,ellen.martin@example.com
14136,Jennifer Cook,Female,Employee,2024-07-17,08:54:26,08:35:07,37.90.0.149,Failed,Manager,+216 56975931,jennifer.cook@example.com
71499,Gregg Ramsey,Male,Employee,2024-02-18,16:35:03,19:07:12,204.227.145.225,Failed,Developer,+216 05589968,gregg.ramsey@example.com
84209,Kristen Thomas,Female,Employee,2024-04-09,07:38:05,02:09:56,114.189.9.30,Success,Manager,+216 16351124,kristen.thomas@example.com
26645,Alexandra Boyd,Female,Employee,2024-06-27,14:18:16,22:34:22,70.236.102.168,Success,Developer,+216 54837939,alexandra.boyd@example.com
13096,Erin Wilson,Female,Employee,2024-02-23,23:00:12,20:49:00,67.119.206.17,Success,Analyst,+216 16725323,erin.wilson@example.com
32440,Claudia Cabrera,Female,Employee,2024-02-08,11:22:55,08:58:01,100.231.107.158,Success,Manager,+216 37473729,claudia.cabrera@example.com
95027,Kyle Henry,Male,Employee,2024-01-06,05:48:48,09:14:30,66.60.175.37,Success,Analyst,+216 47363495,kyle.henry@example.com
81926,Kimberly Johnson,Female,Employee,2024-06-02,16:31:33,05:51:16,160.182.18.159,Success,Developer,+216 50861640,kimberly.johnson@example.com
87032,Bryan Vaughn,Male,Employee,2024-07-28,03:54:01,23:06:17,73.243.151.110,Failed,Developer,+216 39964112,bryan.vaughn@example.com
34067,Jennifer Williams,Female,Employee,2024-06-07,13:49:35,21:59:12,121.137.33.252,Failed,Analyst,+216 13312676,jennifer.williams@example.com
51182,Brittney Snyder,Female,Employee,2024-06-13,19:55:44,18:58:16,215.152.98.85,Success,Manager,+216 79658314,brittney.snyder@example.com
31448,Shari Hamilton,Female,Employee,2024-02-25,00:54:32,02:40:27,58.198.127.146,Success,Analyst,+216 44313682,shari.hamilton@example.com
68519,Teresa Long,Female,Employee,2024-03-16,13:22:03,19:24:39,74.107.231.133,Failed,Developer,+216 18440663,teresa.long@example.com
55962,Robert James,Male,Employee,2024-02-26,21:21:50,12:42:58,82.174.15.134,Failed,Developer,+216 02983256,robert.james@example.com
9788,Debra Oliver,Female,Employee,2024-08-11,16:15:12,03:06:22,104.37.201.34,Success,HR,+216 48067920,debra.oliver@example.com
41078,Alexander Gregory,Male,Employee,2024-06-16,18:40:15,16:15:13,77.237.78.171,Failed,HR,+216 67723188,alexander.gregory@example.com
73286,Tammy Morris,Female,Employee,2024-07-13,16:51:05,00:10:17,114.197.252.213,Failed,Developer,+216 99217075,tammy.morris@example.com
56391,Paul Kent,Male,Employee,2024-01-16,18:45:31,19:09:23,126.169.122.32,Success,Developer,+216 03095479,paul.kent@example.com
57799,Kimberly Colon,Female,Employee,2024-08-14,16:58:10,03:24:30,161.2.183.159,Success,Developer,+216 84554808,kimberly.colon@example.com
14563,Kenneth Page,Male,Employee,2024-07-01,06:25:36,08:57:58,92.98.66.82,Success,Analyst,+216 26805644,kenneth.page@example.com
24708,Kristina Flynn,Female,Employee,2024-01-30,19:36:58,02:17:14,87.115.243.216,Failed,Analyst,+216 88034834,kristina.flynn@example.com
25285,Lori Wall,Female,Employee,2024-03-15,22:02:55,13:09:35,187.85.46.27,Failed,HR,+216 80215634,lori.wall@example.com
87092,Amanda Long,Female,Employee,2024-08-14,20:08:30,09:15:13,106.242.90.140,Failed,Manager,+216 99907334,amanda.long@example.com
51891,Jennifer Mccoy,Female,Employee,2024-01-11,13:22:21,15:20:15,93.76.173.181,Failed,Analyst,+216 93476195,jennifer.mccoy@example.com
13255,Heather Murray,Female,Employee,2024-04-13,04:03:18,03:10:20,10.147.119.215,Success,HR,+216 96373786,heather.murray@example.com
54106,Lori Dominguez,Female,Employee,2024-05-29,07:58:42,23:09:00,7.124.70.49,Failed,Developer,+216 93760244,lori.dominguez@example.com
64627,Andrea Carter,Female,Employee,2024-05-13,18:47:13,07:41:32,210.15.70.149,Success,HR,+216 43675727,andrea.carter@example.com
87191,Joseph Rios,Male,Employee,2024-08-08,03:28:12,06:12:56,17.12.102.50,Success,HR,+216 87420654,joseph.rios@example.com
12006,Amber Bennett,Female,Employee,2024-05-03,07:05:30,14:43:09,214.241.254.24,Success,Manager,+216 90104272,amber.bennett@example.com
2347,Amy Cole,Female,Employee,2024-04-29,17:19:26,15:17:15,2.81.243.188,Failed,HR,+216 03640741,amy.cole@example.com
86010,Veronica Bradford,Female,Employee,2024-01-28,04:21:09,20:48:11,10.114.199.99,Failed,HR,+216 22511466,veronica.bradford@example.com
24425,Robert Ortiz,Male,Employee,2024-04-06,13:51:33,02:57:27,61.221.131.151,Failed,Manager,+216 00003511,robert.ortiz@example.com
34712,Devin Wise,Male,Employee,2024-02-16,20:42:28,23:18:38,208.58.9.161,Failed,Analyst,+216 45016454,devin.wise@example.com
55597,Gregory Guerrero,Male,Employee,2024-08-08,01:03:26,01:13:29,1.239.42.227,Success,Developer,+216 48605379,gregory.guerrero@example.com
25775,Gregory Parrish,Male,Employee,2024-06-10,22:11:33,22:03:51,207.26.58.31,Success,HR,+216 15665325,gregory.parrish@example.com
91004,Maureen Conner,Female,Employee,2024-03-09,04:12:34,22:31:54,42.129.64.18,Failed,Analyst,+216 56119890,maureen.conner@example.com
37899,Walter Patterson,Male,Employee,2024-05-20,19:20:56,12:27:30,135.211.159.147,Failed,HR,+216 85510255,walter.patterson@example.com
12298,Melissa Salas,Female,Employee,2024-05-20,11:01:00,09:32:05,49.232.4.40,Success,Analyst,+216 13393550,melissa.salas@example.com
45161,Christopher Miller,Male,Employee,2024-01-23,05:01:29,11:18:00,200.59.175.29,Failed,Analyst,+216 50501770,christopher.miller@example.com
16703,Sarah Andrews,Female,Employee,2024-04-20,09:44:25,12:53:55,96.92.205.77,Failed,Manager,+216 93292727,sarah.andrews@example.com
35128,Ryan Walton,Male,Employee,2024-06-16,10:31:10,11:56:57,112.191.61.68,Success,Developer,+216 29077746,ryan.walton@example.com
50103,John Obrien,Male,Employee,2024-07-31,14:59:30,08:41:39,198.193.154.102,Success,Analyst,+216 24882691,john.obrien@example.com
51998,Chase Roman,Male,Employee,2024-03-26,05:09:43,13:26:53,219.190.31.239,Failed,Manager,+216 55656403,chase.roman@example.com
54853,Christina Coleman,Female,Employee,2024-07-04,01:09:48,17:32:34,155.207.65.28,Success,Manager,+216 41341323,christina.coleman@example.com
20491,David Meyer,Male,Employee,2024-06-10,13:12:50,05:18:25,43.214.133.0,Success,HR,+216 47438825,david.meyer@example.com
45887,Joanne Rosales,Female,Employee,2024-07-08,21:11:03,23:44:33,30.10.132.214,Failed,Manager,+216 67057505,joanne.rosales@example.com
70099,Diane Koch,Female,Employee,2024-04-24,21:40:41,06:12:00,176.188.59.83,Failed,Developer,+216 68068505,diane.koch@example.com
55792,Connie Robbins,Female,Employee,2024-02-04,19:09:25,13:29:17,35.68.61.210,Failed,Manager,+216 31861804,connie.robbins@example.com
77116,Albert Pearson,Male,Employee,2024-05-10,12:57:45,01:16:11,199.138.160.170,Success,Manager,+216 34233733,albert.pearson@example.com
42722,Brittany Kramer,Female,Employee,2024-03-12,04:36:27,18:22:48,86.90.34.16,Failed,Analyst,+216 27491143,brittany.kramer@example.com
49380,Donald Rhodes,Male,Employee,2024-06-04,08:15:48,02:10:54,219.54.182.244,Failed,Manager,+216 51829799,donald.rhodes@example.com
9974,Brittany Scott,Female,Employee,2024-01-25,22:39:36,00:49:02,91.54.195.106,Success,HR,+216 18970386,brittany.scott@example.com
10527,Scott Rogers,Male,Employee,2024-01-12,13:10:25,15:31:44,54.59.109.187,Failed,HR,+216 94887510,scott.rogers@example.com
59197,Catherine Serrano,Female,Employee,2024-07-09,23:15:46,18:10:59,189.174.105.216,Failed,HR,+216 38270185,catherine.serrano@example.com
97331,Karla Joyce,Female,Employee,2024-06-23,18:03:37,00:54:09,151.198.102.153,Failed,Developer,+216 05871841,karla.joyce@example.com
40714,Matthew White,Male,Employee,2024-02-06,13:41:21,19:41:21,186.31.99.220,Success,HR,+216 55973769,matthew.white@example.com
6669,Paula Williams,Female,Employee,2024-02-21,13:55:03,04:47:32,110.188.9.46,Success,Manager,+216 11638026,paula.williams@example.com
59910,Amy Rodriguez,Female,Employee,2024-02-20,02:24:58,06:38:54,197.44.170.47,Failed,Analyst,+216 02479824,amy.rodriguez@example.com
36450,Pamela Zuniga,Female,Employee,2024-01-08,07:40:23,12:00:10,164.129.55.4,Failed,HR,+216 96760929,pamela.zuniga@example.com
27698,Thomas Torres,Male,Employee,2024-05-15,01:19:31,12:15:03,129.31.158.89,Failed,Developer,+216 73415765,thomas.torres@example.com
61675,Jeffrey Steele,Male,Employee,2024-01-25,08:32:46,09:12:33,115.5.85.91,Success,Analyst,+216 35840653,jeffrey.steele@example.com
11598,Colleen Gomez,Female,Employee,2024-02-11,12:28:14,21:08:05,96.254.160.204,Success,Developer,+216 77739188,colleen.gomez@example.com
92362,Debbie Brady,Female,Employee,2024-05-21,00:07:53,02:08:47,133.91.72.209,Success,Analyst,+216 44012874,debbie.brady@example.com
32559,Daniel Chavez,Male,Employee,2024-05-04,23:15:06,09:45:02,152.249.79.119,Success,Analyst,+216 82069929,daniel.chavez@example.com
93938,Tammie House,Female,Employee,2024-07-22,00:53:20,06:51:14,63.102.161.32,Success,Analyst,+216 70853520,tammie.house@example.com
79959,Randy Blackburn,Male,Employee,2024-05-15,05:34:33,04:09:05,86.118.194.23,Failed,HR,+216 71374944,randy.blackburn@example.com
61377,Stacey Acevedo,Female,Employee,2024-08-10,04:35:35,10:08:25,157.169.207.118,Failed,Analyst,+216 11399055,stacey.acevedo@example.com
96136,John Hood,Male,Employee,2024-08-12,19:38:27,16:57:32,214.213.117.3,Failed,Developer,+216 52636004,john.hood@example.com
94645,James Ferrell,Male,Employee,2024-03-01,12:00:51,05:56:33,132.253.221.141,Success,Developer,+216 92395468,james.ferrell@example.com
47949,Laura Good,Female,Employee,2024-08-03,13:33:54,07:21:26,141.93.53.6,Success,Developer,+216 46711632,laura.good@example.com
68709,Jessica Alexander,Female,Employee,2024-08-02,08:52:19,20:54:46,205.223.52.105,Success,Manager,+216 39749100,jessica.alexander@example.com
65857,Anna Webb,Female,Employee,2024-02-21,21:19:32,11:03:04,23.177.118.70,Failed,Manager,+216 75972830,anna.webb@example.com
4536,Diane Hughes,Female,Employee,2024-06-10,23:07:05,19:00:33,85.19.184.249,Success,HR,+216 26230577,diane.hughes@example.com
4736,Tyler Warren,Male,Employee,2024-03-11,10:57:29,23:33:29,114.221.178.239,Success,Manager,+216 75248103,tyler.warren@example.com
83943,Jose Nolan,Male,Employee,2024-05-13,05:09:41,20:40:13,185.56.116.37,Failed,Manager,+216 00923808,jose.nolan@example.com
4919,William Crawford,Male,Employee,2024-06-28,18:26:33,10:09:49,53.246.195.34,Success,Analyst,+216 32248747,william.crawford@example.com
21410,Jose Farmer,Male,Employee,2024-01-11,01:07:54,02:57:15,120.102.214.115,Failed,Developer,+216 26676390,jose.farmer@example.com
81518,Linda Thompson,Female,Employee,2024-02-26,11:33:25,15:43:09,182.148.74.196,Failed,Developer,+216 45046166,linda.thompson@example.com
78984,Jill Ibarra,Female,Employee,2024-05-10,05:38:41,15:39:58,149.210.48.12,Success,Analyst,+216 47912483,jill.ibarra@example.com
8862,Sheri Vasquez,Female,Employee,2024-02-09,06:31:44,10:15:59,76.121.113.140,Success,Analyst,+216 32558339,sheri.vasquez@example.com
61444,Jon Underwood,Male,Employee,2024-06-19,07:57:18,11:30:34,21.193.162.149,Success,Manager,+216 69451123,jon.underwood@example.com
16971,Allison Lopez,Female,Employee,2024-01-22,15:48:22,05:53:35,218.46.107.158,Success,HR,+216 95514617,allison.lopez@example.com
97889,Barbara Smith,Female,Employee,2024-01-13,16:16:17,08:53:02,125.82.27.103,Failed,HR,+216 46645703,barbara.smith@example.com
10204,Victoria Edwards,Female,Employee,2024-02-05,04:53:14,22:31:18,28.16.85.34,Success,Manager,+216 38583329,victoria.edwards@example.com
34600,Natasha Case,Female,Employee,2024-08-07,07:13:28,06:06:02,15.188.26.216,Failed,Developer,+216 30625123,natasha.case@example.com
57834,Joshua Santos,Male,Employee,2024-07-04,19:03:24,02:57:06,137.63.72.215,Success,Developer,+216 68583004,joshua.santos@example.com
81239,Jason Larson,Male,Employee,2024-01-19,22:15:42,11:36:36,109.97.35.167,Failed,HR,+216 03911033,jason.larson@example.com
77244,Brandon Schneider,Male,Employee,2024-05-28,06:30:00,08:07:31,61.14.2.73,Success,Analyst,+216 04402155,brandon.schneider@example.com
96559,David Martinez,Male,Employee,2024-07-02,17:07:16,00:14:02,209.161.122.56,Success,Analyst,+216 82010723,david.martinez@example.com
34060,Gary Wilson,Male,Employee,2024-05-23,05:49:18,12:37:08,66.21.166.53,Failed,Developer,+216 95740072,gary.wilson@example.com
29253,Tara Lee,Female,Employee,2024-04-03,08:45:15,17:20:30,45.233.46.114,Failed,Analyst,+216 96330352,tara.lee@example.com
44465,Christy Carter,Female,Employee,2024-05-18,18:10:28,22:26:10,60.59.40.164,Success,Analyst,+216 81101269,christy.carter@example.com
73724,Adam Hall,Male,Employee,2024-01-08,01:00:06,06:16:48,73.70.149.45,Success,Analyst,+216 92896512,adam.hall@example.com
28476,Bryan Scott,Male,Employee,2024-05-23,11:34:34,20:02:18,44.214.134.222,Failed,Analyst,+216 74739861,bryan.scott@example.com
85501,Justin Beard,Male,Employee,2024-03-04,00:13:51,00:21:44,216.190.47.137,Success,Manager,+216 33561076,justin.beard@example.com
75950,Brittany Martinez,Female,Employee,2024-05-10,08:55:51,06:03:51,61.81.199.175,Failed,HR,+216 87636058,brittany.martinez@example.com
78823,Leah Fields,Female,Employee,2024-06-29,08:55:57,18:54:56,159.219.129.105,Success,Analyst,+216 42914646,leah.fields@example.com
1739,Nicole Leonard,Female,Employee,2024-02-20,10:20:44,03:26:39,14.172.235.35,Success,HR,+216 96350019,nicole.leonard@example.com
43791,Wayne Bailey,Male,Employee,2024-06-30,02:04:47,10:44:36,81.56.233.149,Success,HR,+216 44269639,wayne.bailey@example.com
18144,Travis Williams,Male,Employee,2024-03-23,12:36:04,00:33:59,123.190.231.189,Success,Manager,+216 42733511,travis.williams@example.com
75986,Joshua Davis,Male,Employee,2024-03-16,15:56:03,11:37:23,125.21.102.234,Success,Manager,+216 94827635,joshua.davis@example.com
33983,Claudia Carter,Female,Employee,2024-03-06,08:44:56,08:25:15,64.124.128.232,Success,Analyst,+216 83273954,claudia.carter@example.com
99029,Keith Miles,Male,Employee,2024-08-12,06:51:56,18:07:06,29.250.154.34,Success,Manager,+216 07716710,keith.miles@example.com
58508,Brandon Oneill,Male,Employee,2024-04-16,10:14:28,01:33:56,221.150.1.27,Failed,Analyst,+216 75941111,brandon.oneill@example.com
84260,Alison Weaver,Female,Employee,2024-06-06,16:39:33,13:27:55,20.223.171.74,Success,HR,+216 23762152,alison.weaver@example.com
39186,Emily Hill,Female,Employee,2024-02-21,09:34:39,16:16:28,6.79.12.218,Success,Manager,+216 04691458,emily.hill@example.com
62118,Alex Aguirre,Male,Employee,2024-07-04,05:15:15,20:54:20,122.228.184.182,Success,HR,+216 01147426,alex.aguirre@example.com
40843,Laura Olson,Female,Employee,2024-03-13,08:32:54,16:29:45,76.153.109.108,Success,Developer,+216 92244415,laura.olson@example.com
5895,Derek Pearson,Male,Employee,2024-03-10,00:34:43,07:51:44,177.150.192.67,Failed,Developer,+216 95200031,derek.pearson@example.com
66117,Heather Villanueva,Female,Employee,2024-07-08,22:21:56,12:29:23,63.138.98.165,Failed,Analyst,+216 27630899,heather.villanueva@example.com
67532,Katie Sweeney,Female,Employee,2024-08-01,15:27:48,04:42:03,103.161.38.14,Failed,HR,+216 29659664,katie.sweeney@example.com
94884,Julia Smith,Female,Employee,2024-05-31,09:40:03,01:30:35,139.204.208.173,Failed,Analyst,+216 79498101,julia.smith@example.com
12417,Teresa Lee,Female,Employee,2024-02-22,01:31:47,22:27:45,187.61.143.89,Failed,Analyst,+216 00231629,teresa.lee@example.com
74251,Taylor Savage,Female,Employee,2024-05-13,04:16:24,18:48:08,214.244.46.46,Failed,HR,+216 53214780,taylor.savage@example.com
98434,Robert Williams,Male,Employee,2024-06-22,19:21:50,16:33:37,36.149.82.163,Failed,Developer,+216 02181326,robert.williams@example.com
93460,Crystal Austin,Female,Employee,2024-05-31,13:17:49,12:05:46,182.153.104.60,Failed,HR,+216 53336264,crystal.austin@example.com
87491,Larry Mahoney,Male,Employee,2024-05-20,01:22:17,02:24:26,75.149.158.191,Failed,Developer,+216 28357638,larry.mahoney@example.com
18865,Miguel George,Male,Employee,2024-02-01,16:09:36,02:21:32,26.18.197.165,Success,Developer,+216 37068814,miguel.george@example.com
92079,Chad Schwartz,Male,Employee,2024-02-22,20:18:37,12:12:17,119.166.88.145,Success,Analyst,+216 90164315,chad.schwartz@example.com
9288,John Davenport,Male,Employee,2024-05-16,03:41:05,01:36:18,104.253.222.40,Success,HR,+216 98217966,john.davenport@example.com
9453,Christine Morris,Female,Employee,2024-05-09,05:07:50,15:39:54,130.39.255.6,Failed,Developer,+216 85154040,christine.morris@example.com
24356,David Rojas,Male,Employee,2024-01-03,02:20:26,14:22:57,81.64.93.50,Success,Manager,+216 77234213,david.rojas@example.com
25625,Gregory Wright,Male,Employee,2024-07-26,04:53:38,13:32:57,54.138.207.28,Success,Manager,+216 45916456,gregory.wright@example.com
86779,Michael Charles,Male,Employee,2024-07-20,12:19:27,22:02:42,216.190.201.230,Success,Developer,+216 99746302,michael.charles@example.com
39871,Lisa Baker,Female,Employee,2024-08-10,20:57:07,21:55:05,107.86.62.41,Success,Analyst,+216 59383408,lisa.baker@example.com
51319,Gregory Weaver,Male,Employee,2024-03-02,08:41:36,11:00:20,18.170.59.194,Failed,HR,+216 81415728,gregory.weaver@example.com
72019,Alan Romero,Male,Employee,2024-08-02,11:24:35,19:49:40,6.37.255.231,Success,Analyst,+216 36340095,alan.romero@example.com
79712,Aaron Ray,Male,Employee,2024-01-24,03:12:15,15:02:37,40.123.57.87,Failed,HR,+216 03361141,aaron.ray@example.com
25318,Tony Meza,Male,Employee,2024-07-11,07:58:51,02:29:48,86.33.232.252,Failed,Developer,+216 83413973,tony.meza@example.com
87019,Christopher Clark,Male,Employee,2024-04-05,11:15:48,18:41:01,95.237.104.141,Success,Developer,+216 62958827,christopher.clark@example.com
23021,Parker Smith,Male,Employee,2024-03-19,10:47:55,22:46:52,209.148.46.87,Failed,Analyst,+216 58769713,parker.smith@example.com
78219,Gina Taylor,Female,Employee,2024-01-13,17:05:00,23:07:13,206.6.167.26,Failed,Developer,+216 61592684,gina.taylor@example.com
25413,Kara Edwards,Female,Employee,2024-04-24,00:20:05,01:46:55,27.131.48.191,Success,Manager,+216 88872727,kara.edwards@example.com
91797,Amanda Martin,Female,Employee,2024-06-16,11:32:21,18:36:29,157.138.133.46,Success,Manager,+216 60952242,amanda.martin@example.com
80445,Roger Dean,Male,Employee,2024-08-08,02:19:24,01:04:27,1.163.87.73,Failed,Analyst,+216 78166457,roger.dean@example.com
65207,John Thompson,Male,Employee,2024-04-30,16:19:12,21:28:49,43.130.250.26,Failed,Analyst,+216 82987338,john.thompson@example.com
38177,Jonathan Bauer,Male,Employee,2024-01-17,01:35:28,01:10:58,49.162.246.220,Success,Analyst,+216 08779857,jonathan.bauer@example.com
29914,Chelsea Hill,Female,Employee,2024-03-24,01:44:50,00:32:06,35.216.207.246,Failed,HR,+216 38105024,chelsea.hill@example.com
99806,Kyle Martinez,Male,Employee,2024-06-18,12:41:47,02:10:36,56.118.227.154,Success,HR,+216 92355929,kyle.martinez@example.com
53413,Brenda Hutchinson,Female,Employee,2024-03-20,22:57:29,12:11:15,196.246.87.182,Success,Analyst,+216 34004900,brenda.hutchinson@example.com
11038,Jose Mcdowell,Male,Employee,2024-03-31,22:46:13,06:33:21,155.255.188.250,Failed,Analyst,+216 51942593,jose.mcdowell@example.com
50421,Joel Wilson,Male,Employee,2024-04-02,23:18:49,06:52:25,90.76.244.240,Success,Developer,+216 75866189,joel.wilson@example.com
4373,Amy Lynch,Female,Employee,2024-02-26,05:55:40,02:43:54,164.73.44.193,Success,HR,+216 54152707,amy.lynch@example.com
69307,Wendy Harris,Female,Employee,2024-03-26,07:46:27,00:37:04,164.72.39.146,Failed,Analyst,+216 59729643,wendy.harris@example.com
78780,Meredith Hodge,Female,Employee,2024-06-25,22:08:54,03:25:31,202.56.28.169,Failed,Manager,+216 75838377,meredith.hodge@example.com
41553,Carl Lutz,Male,Employee,2024-04-16,15:46:04,19:06:14,221.212.0.77,Success,HR,+216 67047546,carl.lutz@example.com
39886,David Butler,Male,Employee,2024-02-27,06:34:07,05:40:05,11.71.8.192,Failed,Analyst,+216 59254972,david.butler@example.com
21550,Heather Hunt,Female,Employee,2024-03-28,19:23:05,00:57:58,211.41.146.171,Failed,Developer,+216 63409505,heather.hunt@example.com
50796,Michelle Roberts,Female,Employee,2024-07-20,19:44:56,15:45:12,170.2.88.210,Failed,Manager,+216 38626044,michelle.roberts@example.com
5326,Jason Dougherty,Male,Employee,2024-02-10,03:01:02,15:33:02,79.123.217.111,Success,HR,+216 21386651,jason.dougherty@example.com
30856,Michele Warren,Female,Employee,2024-03-08,16:12:37,02:53:25,154.42.184.148,Success,Developer,+216 54867190,michele.warren@example.com
97010,Anthony Marks,Male,Employee,2024-07-28,13:03:06,18:47:26,210.149.106.150,Failed,HR,+216 05839351,anthony.marks@example.com
65517,James Norris,Male,Employee,2024-07-02,15:00:51,18:30:50,221.7.156.211,Failed,HR,+216 18526507,james.norris@example.com
31378,Henry Dean,Male,Employee,2024-01-14,06:25:42,09:51:25,134.229.50.220,Success,Analyst,+216 19267349,henry.dean@example.com
20408,Michael Manning,Male,Employee,2024-06-16,14:43:42,13:27:57,182.95.137.86,Success,Manager,+216 32803128,michael.manning@example.com
72413,Robert Glover,Male,Employee,2024-07-12,15:01:02,06:11:27,26.96.100.70,Failed,Developer,+216 40727313,robert.glover@example.com
90074,James Cruz,Male,Employee,2024-03-22,01:00:01,08:54:43,56.247.242.184,Failed,Manager,+216 81615087,james.cruz@example.com
62477,Kathy Sanchez,Female,Employee,2024-05-19,04:24:35,14:21:20,31.215.14.116,Failed,Analyst,+216 64420329,kathy.sanchez@example.com
72225,Kaitlyn Williams,Female,Employee,2024-02-28,16:32:36,08:05:40,222.178.47.19,Success,HR,+216 26942349,kaitlyn.williams@example.com
71715,Michelle Clark,Female,Employee,2024-04-10,01:33:49,10:36:50,121.188.47.99,Failed,HR,+216 34308917,michelle.clark@example.com
49109,Jeffrey Stein,Male,Employee,2024-02-05,22:26:01,15:25:34,31.90.150.112,Success,HR,+216 40051659,jeffrey.stein@example.com
2375,Jennifer Sanchez,Female,Employee,2024-08-12,01:17:28,15:14:40,149.105.172.115,Success,Analyst,+216 94340823,jennifer.sanchez@example.com
63349,Audrey Jimenez,Female,Employee,2024-01-09,07:44:36,13:56:21,15.89.123.141,Success,Analyst,+216 61735027,audrey.jimenez@example.com
19595,Robert Henry,Male,Employee,2024-03-11,04:48:45,00:29:08,76.201.210.41,Success,Analyst,+216 85150378,robert.henry@example.com
29116,Tyler Mahoney,Male,Employee,2024-08-15,01:01:36,09:21:23,5.238.5.72,Failed,Analyst,+216 58600802,tyler.mahoney@example.com
65669,David Robinson,Male,Employee,2024-03-30,23:38:51,07:17:18,113.18.78.139,Failed,Analyst,+216 71586979,david.robinson@example.com
23632,Dylan Erickson,Male,Employee,2024-03-02,11:23:52,06:34:32,31.217.41.223,Success,HR,+216 01651705,dylan.erickson@example.com
22666,Stuart Skinner,Male,Employee,2024-02-27,22:12:02,10:38:49,29.20.18.82,Failed,Developer,+216 68159446,stuart.skinner@example.com
13416,Stephanie Herman,Female,Employee,2024-05-15,18:07:32,08:53:00,102.211.206.218,Success,Manager,+216 40500035,stephanie.herman@example.com
24344,Gregory Daniels,Male,Employee,2024-05-08,15:34:54,06:16:15,121.105.181.195,Success,Manager,+216 05297500,gregory.daniels@example.com
64342,Christina Richardson,Female,Employee,2024-06-12,08:16:49,01:29:34,57.47.59.114,Success,HR,+216 44791004,christina.richardson@example.com
49307,Kenneth Fox,Male,Employee,2024-07-24,04:10:49,12:39:25,24.219.160.216,Success,Developer,+216 59900376,kenneth.fox@example.com
33448,Ann Bass,Female,Employee,2024-03-28,20:38:38,11:08:10,169.141.252.136,Success,Analyst,+216 76150121,ann.bass@example.com
50611,Christopher Simpson,Male,Employee,2024-03-01,06:36:35,10:09:42,219.10.71.120,Success,HR,+216 32689441,christopher.simpson@example.com
27274,Kevin Haas,Male,Employee,2024-02-17,19:54:47,03:33:37,161.180.10.246,Success,Manager,+216 14194604,kevin.haas@example.com
49007,Timothy Hernandez,Male,Employee,2024-01-11,08:44:06,02:13:53,147.44.63.198,Success,HR,+216 28173252,timothy.hernandez@example.com
73669,Angela Owen,Female,Employee,2024-06-13,02:01:26,00:58:45,89.217.187.14,Success,Manager,+216 14396311,angela.owen@example.com
40925,Alexis Cox,Female,Employee,2024-05-29,04:00:29,08:40:30,145.34.98.193,Failed,Manager,+216 12175392,alexis.cox@example.com
54598,Erica Roberts,Female,Employee,2024-05-23,15:30:02,08:58:25,207.123.207.65,Failed,Developer,+216 66291334,erica.roberts@example.com
51486,James Bird,Male,Employee,2024-05-10,12:39:48,22:22:16,191.158.95.247,Failed,HR,+216 04006898,james.bird@example.com
53527,Daniel Young,Male,Employee,2024-02-04,06:18:26,05:29:34,62.242.188.88,Failed,Analyst,+216 58559066,daniel.young@example.com
28503,Rebecca Morales,Female,Employee,2024-03-13,08:25:50,09:09:56,148.81.24.211,Failed,Manager,+216 65306521,rebecca.morales@example.com
